"region","chr","position_bp","snp","a1","gene","CeD.Beta","RA.Beta","SSc.Beta","T1D.Beta","CeD.SE","RA.SE","SSc.SE","T1D.SE"
"1p36.32",1,"2,534,978","rs6664969","A","MMEL1",0.9,0.9,1,0.95,0.161836978613482,0.16164421424028,0.398066300921418,0.591407848941045
"1p36.13",1,"17,655,407","rs1748041","C","PADI4",1.04,1.11,1.11,1.04,0.55768041630437,0.189409730200582,0.429059214704426,0.938899242996624
"1p31.3",1,"61,791,863","rs6691768","G","NFIA",0.89,0.97,1.04,1.01,0.148467211854763,0.631613709540703,2.69905206358791,3.2503293039446
"1p13.2",1,"114,377,568","rs2476601","A","PTPN22",1.13,1.62,1.09,2,0.299655913422922,0.0850727995624513,0.828691216454696,0.0986505027788788
"1p13.2",1,"114,388,804","rs1217403","C","PTPN22",1.01,0.88,0.93,0.86,3.68465058717678,0.13868544099304,0.706728460127899,0.160139634915012
"1q24.3",1,"172,674,776","rs10912267","A","FASLG",0.84,0.92,1.01,0.89,0.126380958575595,0.257862455714119,0.942712139962765,0.240723422198981
"1q31.2",1,"192,541,472","rs1359062","C","RGS1",0.75,0.99,0.85,0.91,0.066049908497375,1.37647449010339,0.260896173072823,0.316000468100122
"1q32.1",1,"200,875,242","rs12132349","A","C1orf106",0.89,1.08,1.01,0.95,0.157442432420745,0.558632077136741,2.04860751544268,0.592078253349967
"1q32.1",1,"206,943,968","rs3024493","A","IL10",0.95,1,1.1,0.82,0.499532173994194,0.593492672898528,0.567059150217593,0.134267951990588
"2p16.1",2,"61,204,917","rs4560096","G","PUS10",1.15,0.99,0.99,1.05,0.157769517920235,43.8799281537953,1.94089691685516,0.640984942212185
"2q11.2",2,"100,764,004","rs13415465","G","AFF3",0.9,0.89,0.93,0.9,0.174342605905225,0.138641940479205,0.446820961127473,0.210495436826406
"2q12.1",2,"103,093,243","rs10469840","T","IL18R1",1.19,1.03,1.01,1.04,0.14650336851401,1.23954014565591,2.12138344572672,0.974752383475871
"2q24.2",2,"163,124,637","rs35667974","C","IFIH1",0.98,0.97,1.35,0.53,1.56049460908057,2.46547951166042,1.21876344042831,0.0796437124321484
"2q24.2",2,"163,224,521","rs984971","G","IFIH1",1,0.95,0.99,0.83,0.615095658118443,0.308297131767088,0.878913171879124,0.110829206642738
"2q31.3",2,"182,057,640","rs12619531","G","ITGA4",1.18,1.01,0.92,0.96,0.133244275696839,2.00249028010577,0.364488571485175,0.738791431971378
"2q32.3",2,"191,538,562","rs10931468","A","NAB1",1.09,1.15,1.17,1.03,0.345224190844525,0.20487362723756,0.323313762326702,2.53064490426721
"2q32.3",2,"191,902,184","rs6749371","T","STAT4",0.81,0.89,0.8,0.88,0.142697359981758,0.241614155038604,0.232879473105182,0.335313847460362
"2q32.3",2,"191,964,633","rs7574865","T","STAT4",1.1,1.11,1.41,1.09,0.276875164681016,0.212755800331224,0.280609088371473,0.360238754670931
"2q33.2",2,"204,612,058","rs7426056","A","CD28",1.15,1.11,1.01,1.1,0.173072345867846,0.200224166835041,1.79660863248997,0.331750730393789
"2q33.2",2,"204,738,919","rs3087243","A","CTLA4",0.89,0.89,1.04,0.83,0.145759799928928,0.132802003337449,1.41389343302674,0.102021107298416
"3p21.31",3,"46,250,374","rs41432345","C","CCR2",1.35,1.1,1.05,1.07,0.151438581556774,0.370138356482993,3.83057734310457,0.883766433426564
"3p14.3",3,"58,183,636","rs35677470","A","DNASE1L3",1,1.2,1.6,1.03,0.787254276184942,0.218474718493366,0.22804399619093,136.96889201088
"3q13.33",3,"119,118,796","rs11712165","G","ARHGAP31",1.12,1,1.04,1.05,0.182736026400166,0.989086099418507,1.02440645097551,0.639858602951049
"3q25.33",3,"159,623,559","rs1353248","T","IL12A",0.85,1,1.06,1,0.105936058073308,0.887791082706186,0.784793579245946,0.563576530041151
"3q25.33",3,"159,647,674","rs17753641","G","IL12A",1.38,0.94,0.8,1.03,0.124399366832393,0.525041269855778,0.232941451907365,3.28685529663891
"3q28",3,"188,119,901","rs2030519","G","LPP",0.76,1.01,0.91,1,0.0502415245846403,3.6499827471852,0.29503820806226,0.887791082706186
"4p15.2",4,"26,088,128","rs16878091","A","RBPJ",1.04,1.14,0.96,1.11,0.554682312922649,0.158352568782861,1.39711292215654,0.26066824008891
"4q27",4,"123,266,521","rs74643882","T","IL21",1.61,1.14,1.16,1.1,0.247797042008039,0.60660046642439,2.21204970607233,1.75157558162104
"4q27",4,"123,551,114","rs13132308","G","IL21",0.71,0.94,0.9,0.92,0.056724819173378,0.428344988897885,0.457986592922821,0.398616199539879
"5q11.2",5,"55,440,730","rs71624119","A","ANKRD55",0.95,0.84,0.97,0.9,0.490976136430633,0.0936434882560606,3.4090644384609,0.232979154069311
"5q33.1",5,"150,438,988","rs1422673","T","TNIP1",0.94,1.1,1.23,0.97,0.414074115222576,0.239669940889565,0.219373131369766,3.14824465007789
"6q15",6,"90,976,768","rs72928038","A","BACH2",1.13,1.13,1.13,1.22,0.229553285110076,0.204767590700928,0.382572403218558,0.182816258061561
"6q22.32",6,"126,674,354","rs2045258","G","CENPW",1.05,1,1,1.15,0.412947059238483,0.501154331281132,0.66045753471212,0.196494476314018
"6q22.33",6,"128,291,199","rs3190930","T","THEMIS",1.21,1.01,1.01,1.07,0.131521954711976,7.17149390207874,1.57747057348021,0.459055255539889
"6q23.3",6,"138,003,822","rs11757201","C","TNFAIP3",1.22,1.14,1.04,1.11,0.246462885965791,0.173750444443929,2.57241540885719,0.314585673498988
"6q23.3",6,"138,243,739","rs58721818","T","TNFAIP3",0.98,1.35,1.43,0.91,2.02252105075596,0.229712625651882,0.342640836982535,0.8600145624008
"6q25.3",6,"159,470,417","rs212407","G","TAGAP",1.13,0.94,0.94,0.91,0.169359478689683,0.281941781869382,0.712387808873502,0.247191759684167
"7p14.1",7,"37,382,465","rs60600003","G","ELMO1",1.24,1.1,1.25,1.09,0.173038462607814,0.306762490442935,0.271956176002916,0.565694057879348
"7p12.1",7,"51,015,193","rs7780389","T","COBL",1,1.1,1.01,0.71,0.398066300921418,0.537750907166674,0.8378080050765,0.124492181326396
"7q32.1",7,"128,572,766","rs4731532","A","IRF5",1,1.09,1.23,1.02,0.539904370121267,0.2125361785532,0.177967645745776,4.19741051407442
"8p23.1",8,"11,359,112","rs2736346","A","BLK",1.05,1.06,1.31,1,0.524269050705364,0.342184540063595,0.188008453937716,0.956892289741708
"9p13.3",9,"34,710,260","rs2812378","G","CCL21",1.09,1.12,1.01,1,0.247585391404031,0.172160198646999,1.12663693151048,0.956892289741708
"10p15.1",10,"6,101,713","rs3118470","C","IL2RA",1.05,1.09,1.02,1.18,0.491913201345257,0.230153040223154,67.8176308013688,0.186819943045811
"10p15.1",10,"6,116,254","rs72776098","A","IL2RA",1.13,0.88,1.5,0.61,0.688205355124143,0.453647320174074,0.45313276948285,0.106802500756118
"10p15.1",10,"6,390,450","rs947474","G","PRKCQ",0.88,0.9,0.97,0.91,0.172994020121322,0.178371735629803,9.19661223092947,0.299519958731233
"10p14",10,"8,102,272","rs3802604","G","GATA3",1.03,1.1,1.08,1.1,0.754485448936549,0.201154062947486,0.737716078590876,0.283048401280966
"10q22.3",10,"81,045,280","rs1250568","C","ZMIZ1",0.87,1.03,1.06,1.07,0.113950447906205,0.707782056808542,0.613845111569176,0.385091204821171
"10q23.31",10,"90,035,654","rs12416116","A","RNLS",1,1.02,1.05,0.84,0.811778115475869,2.48941097119585,1.00058406981069,0.124190175627435
"11p15.5",11,"2,163,110","rs4244808","G","INS",1,0.96,0.97,1.28,0.861979882127525,0.470239792052893,3.47273146607729,0.119269185254115
"11p15.5",11,"2,214,388","rs7937915","G","INS",0.98,0.99,1.05,0.59,1.34430225850248,1.63157580140731,1.08685717766865,0.0313902745836876
"11q23.1",11,"111,196,858","rs7104791","T","POU2AF1",1.14,1.01,1,1.04,0.188770624983721,16.1067117962055,0.586151560870925,0.881355528611476
"11q23.3",11,"118,726,843","rs10892299","T","DDX6",0.85,0.92,0.8,1.07,0.128664740078264,0.246554626922553,0.145332901286199,0.541123234673971
"11q24.3",11,"128,391,937","rs61907765","T","ETS1",1.17,1,1.06,1.02,0.161315217867286,0.694670467571009,0.838182445683213,5.54296158569564
"12q13.2",12,"56,470,625","rs11171739","C","IKZF4",0.99,0.93,0.98,1.23,1.29334654760716,0.23251248552186,3.26413957654454,0.140770042460651
"12q24.12",12,"111,884,608","rs3184504","C","SH2B3",0.85,0.96,0.94,0.76,0.100300369534219,0.413327735247336,0.834523617743815,0.0652692931044215
"15q14",15,"38,828,140","rs8043085","T","RASGRP1 ",1.06,1.12,1.07,1.1,0.45542917390607,0.190010217248132,0.687831471744871,0.321300244880301
"15q25.1",15,"79,234,957","rs34593439","A","CTSH",1.15,0.98,0.99,0.77,0.250512594926832,7.64500657850537,1.13721232910642,0.115083921493048
"16p13.13",16,"11,200,798","rs741172","T","CLEC16A",1.04,0.99,1,0.82,0.627041557324269,6.78544996495638,0.471682162843099,0.101029333132871
"16p11.2",16,"28,505,660","rs151234","C","IL27",1.11,0.96,1.1,1.23,0.282896383145467,0.789499382086032,0.976570190976805,0.193401924137485
"16q23.1",16,"75,247,391","rs7202844","G","CTRB1",1.05,1.04,1.13,1.41,0.984125002547754,0.791035761103323,0.508268499464813,0.153115543001874
"17q12",17,"38,033,277","rs1054609","C","ORMDL3",0.98,1.08,1.14,1.1,2.14656959504508,0.222646315907799,0.266333388720165,0.277245678079899
"18p11.21",18,"12,777,573","rs2542148","C","PTPN2",1.18,1.09,0.97,1.27,0.17526984338447,0.276130170065817,3.57263279574173,0.157251594853934
"19p13.2",19,"10,427,721","rs74956615","A","TYK2",0.86,0.72,0.72,0.72,0.249532001094835,0.0925506923275975,0.180242740179382,0.118030789870777
"19p13.11",19,"18,190,344","rs8109496","G","IL12RB1",1.01,0.97,0.77,1.03,5.06682443966955,0.777190773697246,0.118192925734942,2.54768064531048
"21q22.3",21,"43,825,722","rs9981624","C","UBASH3A",1.05,1.04,1.01,1.18,0.491348681499375,0.47270638920362,0.900437848929556,0.169656627157092
"21q22.3",21,"43,855,067","rs1893592","C","UBASH3A",0.88,0.93,1.05,0.86,0.137891782029666,0.259465814738468,1.18109474872578,0.146677300608115
"22q11.1",22,"21,936,152","rs66534072","G","YDJC",1.16,1.09,1.15,1.07,0.193759366525799,0.272103386869349,0.378514233561449,0.549246050830582
"22q12.2",22,"30,552,511","rs4336042","G","HORMAD2",1.04,1.03,1.05,1.17,0.548172871985211,0.876605598424518,1.86776144961829,0.17618377862703
"22q12.3",22,"37,587,111","rs229533","C","C1QTNF6",1.01,1,1,1.14,134.309301874747,0.535820758047208,0.776837464212368,0.201201410375599
