Region,Chr,Position (bp),SNP,A1,Gene,MAFCases,MAFCtrls,P,OR,meta-analysis disease
1p36.32,1,"2,534,978",rs6664969,A,MMEL1,0.306,0.330,1.34E-08,0.90,CeD
1p36.13,1,"17,655,407",rs1748041,C,PADI4,0.309,0.297,3.11E-02,1.04,CeD
1p31.3,1,"61,791,863",rs6691768,G,NFIA,0.354,0.378,1.02E-09,0.89,CeD
1p13.2,1,"114,377,568",rs2476601,A,PTPN22,0.096,0.088,8.13E-05,1.13,CeD
1p13.2,1,"114,388,804",rs1217403,C,PTPN22,0.254,0.253,6.08E-01,1.01,CeD
1q24.3,1,"172,674,776",rs10912267,A,FASLG,0.167,0.187,1.50E-11,0.84,CeD
1q31.2,1,"192,541,472",rs1359062,C,RGS1,0.142,0.181,3.50E-30,0.75,CeD
1q32.1,1,"200,875,242",rs12132349,A,C1orf106,0.257,0.283,7.89E-09,0.89,CeD
1q32.1,1,"206,943,968",rs3024493,A,IL10,0.151,0.158,2.86E-02,0.95,CeD
2p16.1,2,"61,204,917",rs4560096,G,PUS10,0.423,0.387,1.56E-13,1.15,CeD
2q11.2,2,"100,764,004",rs13415465,G,AFF3,0.344,0.365,1.22E-07,0.90,CeD
2q12.1,2,"103,093,243",rs10469840,T,IL18R1,0.258,0.227,2.28E-16,1.19,CeD
2q24.2,2,"163,124,637",rs35667974,C,IFIH1,0.022,0.023,7.35E-01,0.98,CeD
2q24.2,2,"163,224,521",rs984971,G,IFIH1,0.363,0.360,9.48E-01,1.00,CeD
2q31.3,2,"182,057,640",rs12619531,G,ITGA4,0.453,0.415,4.15E-19,1.18,CeD
2q32.3,2,"191,538,562",rs10931468,A,NAB1,0.136,0.127,7.96E-04,1.09,CeD
2q32.3,2,"191,902,184",rs6749371,T,STAT4,0.063,0.076,6.88E-09,0.81,CeD
2q32.3,2,"191,964,633",rs7574865,T,STAT4,0.240,0.224,3.55E-05,1.10,CeD
2q33.2,2,"204,612,058",rs7426056,A,CD28,0.267,0.237,1.52E-11,1.15,CeD
2q33.2,2,"204,738,919",rs3087243,A,CTLA4,0.437,0.462,5.11E-10,0.89,CeD
3p21.31,3,"46,250,374",rs41432345,C,CCR2,0.104,0.078,2.45E-19,1.35,CeD
3p14.3,3,"58,183,636",rs35677470,A,DNASE1L3,0.078,0.079,8.98E-01,1.00,CeD
3q13.33,3,"119,118,796",rs11712165,G,ARHGAP31,0.417,0.391,4.42E-10,1.12,CeD
3q25.33,3,"159,623,559",rs1353248,T,IL12A,0.253,0.288,5.13E-16,0.85,CeD
3q25.33,3,"159,647,674",rs17753641,G,IL12A,0.144,0.112,6.76E-29,1.38,CeD
3q28,3,"188,119,901",rs2030519,G,LPP,0.422,0.487,5.38E-52,0.76,CeD
4p15.2,4,"26,088,128",rs16878091,A,RBPJ,0.312,0.302,3.04E-02,1.04,CeD
4q27,4,"123,266,521",rs74643882,T,IL21,0.026,0.016,4.09E-11,1.61,CeD
4q27,4,"123,551,114",rs13132308,G,IL21,0.126,0.170,3.03E-36,0.71,CeD
5q11.2,5,"55,440,730",rs71624119,A,ANKRD55,0.240,0.248,2.65E-02,0.95,CeD
5q33.1,5,"150,438,988",rs1422673,T,TNIP1,0.186,0.193,1.16E-02,0.94,CeD
6q15,6,"90,976,768",rs72928038,A,BACH2,0.184,0.169,4.27E-07,1.13,CeD
6q22.32,6,"126,674,354",rs2045258,G,CENPW,0.478,0.462,5.50E-03,1.05,CeD
6q22.33,6,"128,291,199",rs3190930,T,THEMIS,0.276,0.239,1.79E-20,1.21,CeD
6q23.3,6,"138,003,822",rs11757201,C,TNFAIP3,0.224,0.194,3.71E-07,1.22,CeD
6q23.3,6,"138,243,739",rs58721818,T,TNFAIP3,0.031,0.032,6.86E-01,0.98,CeD
6q25.3,6,"159,470,417",rs212407,G,TAGAP,0.393,0.364,1.26E-11,1.13,CeD
7p14.1,7,"37,382,465",rs60600003,G,ELMO1,0.117,0.097,3.86E-13,1.24,CeD
7p12.1,7,"51,015,193",rs7780389,T,COBL,0.043,0.044,9.94E-01,1.00,CeD
7q32.1,7,"128,572,766",rs4731532,A,IRF5,0.494,0.494,9.68E-01,1.00,CeD
8p23.1,8,"11,359,112",rs2736346,A,BLK,0.254,0.244,2.26E-02,1.05,CeD
9p13.3,9,"34,710,260",rs2812378,G,CCL21,0.347,0.330,5.35E-06,1.09,CeD
10p15.1,10,"6,101,713",rs3118470,C,IL2RA,0.317,0.311,1.64E-02,1.05,CeD
10p15.1,10,"6,116,254",rs72776098,A,IL2RA,0.028,0.025,5.03E-02,1.13,CeD
10p15.1,10,"6,390,450",rs947474,G,PRKCQ,0.172,0.190,1.82E-07,0.88,CeD
10p14,10,"8,102,272",rs3802604,G,GATA3,0.370,0.361,8.61E-02,1.03,CeD
10q22.3,10,"81,045,280",rs1250568,C,ZMIZ1,0.381,0.420,1.13E-14,0.87,CeD
10q23.31,10,"90,035,654",rs12416116,A,RNLS,0.284,0.285,8.91E-01,1.00,CeD
11p15.5,11,"2,163,110",rs4244808,G,INS,0.455,0.455,8.77E-01,1.00,CeD
11p15.5,11,"2,214,388",rs7937915,G,INS,0.260,0.268,2.33E-01,0.98,CeD
11q23.1,11,"111,196,858",rs7104791,T,POU2AF1,0.230,0.208,7.75E-10,1.14,CeD
11q23.3,11,"118,726,843",rs10892299,T,DDX6,0.171,0.197,1.97E-11,0.85,CeD
11q24.3,11,"128,391,937",rs61907765,T,ETS1,0.242,0.213,2.04E-13,1.17,CeD
12q13.2,12,"56,470,625",rs11171739,C,IKZF4,0.422,0.427,7.78E-01,0.99,CeD
12q24.12,12,"111,884,608",rs3184504,C,SH2B3,0.471,0.515,1.18E-17,0.85,CeD
15q14,15,"38,828,140",rs8043085,T,RASGRP1 ,0.244,0.233,9.97E-03,1.06,CeD
15q25.1,15,"79,234,957",rs34593439,A,CTSH,0.118,0.105,2.21E-06,1.15,CeD
16p13.13,16,"11,200,798",rs741172,T,CLEC16A,0.338,0.326,4.86E-02,1.04,CeD
16p11.2,16,"28,505,660",rs151234,C,IL27,0.149,0.134,4.36E-05,1.11,CeD
16q23.1,16,"75,247,391",rs7202844,G,CTRB1,0.091,0.089,1.43E-01,1.05,CeD
17q12,17,"38,033,277",rs1054609,C,ORMDL3,0.458,0.464,3.24E-01,0.98,CeD
18p11.21,18,"12,777,573",rs2542148,C,PTPN2,0.180,0.158,8.34E-12,1.18,CeD
19p13.2,19,"10,427,721",rs74956615,A,TYK2,0.044,0.051,2.84E-04,0.86,CeD
19p13.11,19,"18,190,344",rs8109496,G,IL12RB1,0.207,0.207,5.79E-01,1.01,CeD
21q22.3,21,"43,825,722",rs9981624,C,UBASH3A,0.344,0.333,1.63E-02,1.05,CeD
21q22.3,21,"43,855,067",rs1893592,C,UBASH3A,0.255,0.283,8.75E-11,0.88,CeD
22q11.1,22,"21,936,152",rs66534072,G,YDJC,0.213,0.193,1.07E-09,1.16,CeD
22q12.2,22,"30,552,511",rs4336042,G,HORMAD2,0.398,0.389,2.89E-02,1.04,CeD
22q12.3,22,"37,587,111",rs229533,C,C1QTNF6,0.439,0.434,4.97E-01,1.01,CeD
1p36.32,1,"2,534,978",rs6664969,A,MMEL1,0.305,0.330,1.29E-08,0.90,RA
1p36.13,1,"17,655,407",rs1748041,C,PADI4,0.323,0.301,2.31E-09,1.11,RA
1p31.3,1,"61,791,863",rs6691768,G,NFIA,0.374,0.383,6.23E-02,0.97,RA
1p13.2,1,"114,377,568",rs2476601,A,PTPN22,0.146,0.094,3.79E-81,1.62,RA
1p13.2,1,"114,388,804",rs1217403,C,PTPN22,0.227,0.253,1.11E-10,0.88,RA
1q24.3,1,"172,674,776",rs10912267,A,FASLG,0.172,0.186,1.80E-04,0.92,RA
1q31.2,1,"192,541,472",rs1359062,C,RGS1,0.180,0.182,7.64E-01,0.99,RA
1q32.1,1,"200,875,242",rs12132349,A,C1orf106,0.271,0.261,2.66E-02,1.08,RA
1q32.1,1,"206,943,968",rs3024493,A,IL10,0.150,0.151,9.54E-01,1.00,RA
2p16.1,2,"61,204,917",rs4560096,G,PUS10,0.383,0.383,5.09E-01,0.99,RA
2q11.2,2,"100,764,004",rs13415465,G,AFF3,0.336,0.364,6.84E-11,0.89,RA
2q12.1,2,"103,093,243",rs10469840,T,IL18R1,0.237,0.227,2.03E-01,1.03,RA
2q24.2,2,"163,124,637",rs35667974,C,IFIH1,0.020,0.020,6.53E-01,0.97,RA
2q24.2,2,"163,224,521",rs984971,G,IFIH1,0.344,0.364,1.03E-03,0.95,RA
2q31.3,2,"182,057,640",rs12619531,G,ITGA4,0.437,0.427,6.93E-01,1.01,RA
2q32.3,2,"191,538,562",rs10931468,A,NAB1,0.145,0.128,9.93E-09,1.15,RA
2q32.3,2,"191,902,184",rs6749371,T,STAT4,0.069,0.077,1.15E-04,0.89,RA
2q32.3,2,"191,964,633",rs7574865,T,STAT4,0.248,0.227,9.08E-08,1.11,RA
2q33.2,2,"204,612,058",rs7426056,A,CD28,0.256,0.231,1.48E-08,1.11,RA
2q33.2,2,"204,738,919",rs3087243,A,CTLA4,0.420,0.448,1.03E-11,0.89,RA
3p21.31,3,"46,250,374",rs41432345,C,CCR2,0.090,0.083,1.48E-03,1.10,RA
3p14.3,3,"58,183,636",rs35677470,A,DNASE1L3,0.085,0.074,1.98E-08,1.20,RA
3q13.33,3,"119,118,796",rs11712165,G,ARHGAP31,0.390,0.392,8.44E-01,1.00,RA
3q25.33,3,"159,623,559",rs1353248,T,IL12A,0.294,0.293,8.70E-01,1.00,RA
3q25.33,3,"159,647,674",rs17753641,G,IL12A,0.113,0.114,3.67E-02,0.94,RA
3q28,3,"188,119,901",rs2030519,G,LPP,0.485,0.480,3.91E-01,1.01,RA
4p15.2,4,"26,088,128",rs16878091,A,RBPJ,0.327,0.294,3.03E-13,1.14,RA
4q27,4,"123,266,521",rs74643882,T,IL21,0.019,0.017,3.01E-02,1.14,RA
4q27,4,"123,551,114",rs13132308,G,IL21,0.158,0.166,1.41E-02,0.94,RA
5q11.2,5,"55,440,730",rs71624119,A,ANKRD55,0.207,0.240,1.48E-19,0.84,RA
5q33.1,5,"150,438,988",rs1422673,T,TNIP1,0.214,0.198,2.22E-06,1.10,RA
6q15,6,"90,976,768",rs72928038,A,BACH2,0.181,0.165,1.71E-08,1.13,RA
6q22.32,6,"126,674,354",rs2045258,G,CENPW,0.462,0.459,9.77E-01,1.00,RA
6q22.33,6,"128,291,199",rs3190930,T,THEMIS,0.240,0.235,5.56E-01,1.01,RA
6q23.3,6,"138,003,822",rs11757201,C,TNFAIP3,0.230,0.208,2.67E-11,1.14,RA
6q23.3,6,"138,243,739",rs58721818,T,TNFAIP3,0.043,0.033,2.09E-09,1.35,RA
6q25.3,6,"159,470,417",rs212407,G,TAGAP,0.336,0.358,4.28E-04,0.94,RA
7p14.1,7,"37,382,465",rs60600003,G,ELMO1,0.111,0.100,1.68E-04,1.10,RA
7p12.1,7,"51,015,193",rs7780389,T,COBL,0.045,0.044,2.04E-02,1.10,RA
7q32.1,7,"128,572,766",rs4731532,A,IRF5,0.482,0.507,1.46E-07,1.09,RA
8p23.1,8,"11,359,112",rs2736346,A,BLK,0.255,0.245,9.75E-04,1.06,RA
9p13.3,9,"34,710,260",rs2812378,G,CCL21,0.357,0.334,3.87E-11,1.12,RA
10p15.1,10,"6,101,713",rs3118470,C,IL2RA,0.337,0.318,1.09E-06,1.09,RA
10p15.1,10,"6,116,254",rs72776098,A,IL2RA,0.021,0.024,2.62E-02,0.88,RA
10p15.1,10,"6,390,450",rs947474,G,PRKCQ,0.173,0.190,2.26E-07,0.90,RA
10p14,10,"8,102,272",rs3802604,G,GATA3,0.379,0.359,2.27E-08,1.10,RA
10q22.3,10,"81,045,280",rs1250568,C,ZMIZ1,0.429,0.426,7.28E-02,1.03,RA
10q23.31,10,"90,035,654",rs12416116,A,RNLS,0.289,0.288,3.41E-01,1.02,RA
11p15.5,11,"2,163,110",rs4244808,G,INS,0.457,0.463,2.06E-02,0.96,RA
11p15.5,11,"2,214,388",rs7937915,G,INS,0.266,0.272,7.28E-01,0.99,RA
11q23.1,11,"111,196,858",rs7104791,T,POU2AF1,0.216,0.212,5.25E-01,1.01,RA
11q23.3,11,"118,726,843",rs10892299,T,DDX6,0.182,0.196,9.52E-05,0.92,RA
11q24.3,11,"128,391,937",rs61907765,T,ETS1,0.219,0.215,9.25E-01,1.00,RA
12q13.2,12,"56,470,625",rs11171739,C,IKZF4,0.413,0.430,3.17E-05,0.93,RA
12q24.12,12,"111,884,608",rs3184504,C,SH2B3,0.491,0.485,1.01E-02,0.96,RA
15q14,15,"38,828,140",rs8043085,T,RASGRP1 ,0.256,0.235,1.88E-09,1.12,RA
15q25.1,15,"79,234,957",rs34593439,A,CTSH,0.102,0.105,4.49E-01,0.98,RA
16p13.13,16,"11,200,798",rs741172,T,CLEC16A,0.315,0.319,5.58E-01,0.99,RA
16p11.2,16,"28,505,660",rs151234,C,IL27,0.129,0.132,1.12E-01,0.96,RA
16q23.1,16,"75,247,391",rs7202844,G,CTRB1,0.103,0.093,9.43E-02,1.04,RA
17q12,17,"38,033,277",rs1054609,C,ORMDL3,0.474,0.460,6.15E-07,1.08,RA
18p11.21,18,"12,777,573",rs2542148,C,PTPN2,0.169,0.159,3.95E-05,1.09,RA
19p13.2,19,"10,427,721",rs74956615,A,TYK2,0.035,0.049,3.64E-15,0.72,RA
19p13.11,19,"18,190,344",rs8109496,G,IL12RB1,0.193,0.204,1.06E-01,0.97,RA
21q22.3,21,"43,825,722",rs9981624,C,UBASH3A,0.342,0.331,1.39E-02,1.04,RA
21q22.3,21,"43,855,067",rs1893592,C,UBASH3A,0.267,0.283,1.69E-04,0.93,RA
22q11.1,22,"21,936,152",rs66534072,G,YDJC,0.217,0.203,3.09E-05,1.09,RA
22q12.2,22,"30,552,511",rs4336042,G,HORMAD2,0.391,0.385,1.20E-01,1.03,RA
22q12.3,22,"37,587,111",rs229533,C,C1QTNF6,0.435,0.437,9.69E-01,1.00,RA
1p36.32,1,"2,534,978",rs6664969,A,MMEL1,0.330,0.330,9.94E-01,1.00,SSc
1p36.13,1,"17,655,407",rs1748041,C,PADI4,0.333,0.299,4.84E-03,1.11,SSc
1p31.3,1,"61,791,863",rs6691768,G,NFIA,0.391,0.377,3.50E-01,1.04,SSc
1p13.2,1,"114,377,568",rs2476601,A,PTPN22,0.085,0.088,9.42E-02,1.09,SSc
1p13.2,1,"114,388,804",rs1217403,C,PTPN22,0.241,0.256,9.41E-02,0.93,SSc
1q24.3,1,"172,674,776",rs10912267,A,FASLG,0.189,0.187,8.58E-01,1.01,SSc
1q31.2,1,"192,541,472",rs1359062,C,RGS1,0.159,0.182,5.61E-04,0.85,SSc
1q32.1,1,"200,875,242",rs12132349,A,C1orf106,0.265,0.282,6.89E-01,1.01,SSc
1q32.1,1,"206,943,968",rs3024493,A,IL10,0.159,0.157,2.62E-02,1.10,SSc
2p16.1,2,"61,204,917",rs4560096,G,PUS10,0.397,0.387,6.95E-01,0.99,SSc
2q11.2,2,"100,764,004",rs13415465,G,AFF3,0.356,0.365,1.87E-02,0.93,SSc
2q12.1,2,"103,093,243",rs10469840,T,IL18R1,0.243,0.227,6.83E-01,1.01,SSc
2q24.2,2,"163,124,637",rs35667974,C,IFIH1,0.029,0.022,1.34E-01,1.35,SSc
2q24.2,2,"163,224,521",rs984971,G,IFIH1,0.363,0.360,8.70E-01,0.99,SSc
2q31.3,2,"182,057,640",rs12619531,G,ITGA4,0.395,0.416,5.80E-03,0.92,SSc
2q32.3,2,"191,538,562",rs10931468,A,NAB1,0.154,0.128,1.48E-04,1.17,SSc
2q32.3,2,"191,902,184",rs6749371,T,STAT4,0.059,0.075,2.96E-04,0.80,SSc
2q32.3,2,"191,964,633",rs7574865,T,STAT4,0.286,0.223,2.52E-07,1.41,SSc
2q33.2,2,"204,612,058",rs7426056,A,CD28,0.257,0.238,7.13E-01,1.01,SSc
2q33.2,2,"204,738,919",rs3087243,A,CTLA4,0.458,0.453,2.31E-01,1.04,SSc
3p21.31,3,"46,250,374",rs41432345,C,CCR2,0.087,0.079,3.92E-01,1.05,SSc
3p14.3,3,"58,183,636",rs35677470,A,DNASE1L3,0.108,0.080,1.14E-12,1.60,SSc
3q13.33,3,"119,118,796",rs11712165,G,ARHGAP31,0.390,0.391,1.55E-01,1.04,SSc
3q25.33,3,"159,623,559",rs1353248,T,IL12A,0.293,0.287,8.84E-02,1.06,SSc
3q25.33,3,"159,647,674",rs17753641,G,IL12A,0.087,0.111,2.97E-04,0.80,SSc
3q28,3,"188,119,901",rs2030519,G,LPP,0.472,0.488,1.02E-03,0.91,SSc
4p15.2,4,"26,088,128",rs16878091,A,RBPJ,0.306,0.302,2.46E-01,0.96,SSc
4q27,4,"123,266,521",rs74643882,T,IL21,0.015,0.016,3.00E-01,1.16,SSc
4q27,4,"123,551,114",rs13132308,G,IL21,0.148,0.170,2.47E-02,0.90,SSc
5q11.2,5,"55,440,730",rs71624119,A,ANKRD55,0.240,0.246,3.88E-01,0.97,SSc
5q33.1,5,"150,438,988",rs1422673,T,TNIP1,0.234,0.194,1.03E-08,1.23,SSc
6q15,6,"90,976,768",rs72928038,A,BACH2,0.178,0.168,1.57E-03,1.13,SSc
6q22.32,6,"126,674,354",rs2045258,G,CENPW,0.480,0.462,9.35E-01,1.00,SSc
6q22.33,6,"128,291,199",rs3190930,T,THEMIS,0.247,0.239,7.39E-01,1.01,SSc
6q23.3,6,"138,003,822",rs11757201,C,TNFAIP3,0.202,0.202,3.43E-01,1.04,SSc
6q23.3,6,"138,243,739",rs58721818,T,TNFAIP3,0.039,0.031,1.50E-05,1.43,SSc
6q25.3,6,"159,470,417",rs212407,G,TAGAP,0.340,0.368,9.35E-02,0.94,SSc
7p14.1,7,"37,382,465",rs60600003,G,ELMO1,0.116,0.097,2.15E-06,1.25,SSc
7p12.1,7,"51,015,193",rs7780389,T,COBL,0.036,0.043,8.86E-01,1.01,SSc
7q32.1,7,"128,572,766",rs4731532,A,IRF5,0.447,0.506,2.40E-12,1.23,SSc
8p23.1,8,"11,359,112",rs2736346,A,BLK,0.290,0.245,1.61E-12,1.31,SSc
9p13.3,9,"34,710,260",rs2812378,G,CCL21,0.317,0.328,8.15E-01,1.01,SSc
10p15.1,10,"6,101,713",rs3118470,C,IL2RA,0.291,0.310,5.06E-01,1.02,SSc
10p15.1,10,"6,116,254",rs72776098,A,IL2RA,0.029,0.024,4.66E-04,1.50,SSc
10p15.1,10,"6,390,450",rs947474,G,PRKCQ,0.185,0.190,4.58E-01,0.97,SSc
10p14,10,"8,102,272",rs3802604,G,GATA3,0.386,0.361,7.16E-02,1.08,SSc
10q22.3,10,"81,045,280",rs1250568,C,ZMIZ1,0.408,0.418,4.21E-02,1.06,SSc
10q23.31,10,"90,035,654",rs12416116,A,RNLS,0.289,0.286,1.47E-01,1.05,SSc
11p15.5,11,"2,163,110",rs4244808,G,INS,0.439,0.456,3.90E-01,0.97,SSc
11p15.5,11,"2,214,388",rs7937915,G,INS,0.260,0.267,1.67E-01,1.05,SSc
11q23.1,11,"111,196,858",rs7104791,T,POU2AF1,0.201,0.208,9.56E-01,1.00,SSc
11q23.3,11,"118,726,843",rs10892299,T,DDX6,0.166,0.196,1.85E-08,0.80,SSc
11q24.3,11,"128,391,937",rs61907765,T,ETS1,0.226,0.215,1.03E-01,1.06,SSc
12q13.2,12,"56,470,625",rs11171739,C,IKZF4,0.408,0.421,6.18E-01,0.98,SSc
12q24.12,12,"111,884,608",rs3184504,C,SH2B3,0.510,0.486,1.30E-01,0.94,SSc
15q14,15,"38,828,140",rs8043085,T,RASGRP1 ,0.250,0.235,5.99E-02,1.07,SSc
15q25.1,15,"79,234,957",rs34593439,A,CTSH,0.099,0.104,8.08E-01,0.99,SSc
16p13.13,16,"11,200,798",rs741172,T,CLEC16A,0.337,0.326,9.83E-01,1.00,SSc
16p11.2,16,"28,505,660",rs151234,C,IL27,0.147,0.132,1.30E-01,1.10,SSc
16q23.1,16,"75,247,391",rs7202844,G,CTRB1,0.105,0.090,1.31E-02,1.13,SSc
17q12,17,"38,033,277",rs1054609,C,ORMDL3,0.473,0.463,9.33E-06,1.14,SSc
18p11.21,18,"12,777,573",rs2542148,C,PTPN2,0.150,0.159,3.93E-01,0.97,SSc
19p13.2,19,"10,427,721",rs74956615,A,TYK2,0.034,0.051,3.24E-05,0.72,SSc
19p13.11,19,"18,190,344",rs8109496,G,IL12RB1,0.157,0.207,3.64E-11,0.77,SSc
21q22.3,21,"43,825,722",rs9981624,C,UBASH3A,0.328,0.332,8.69E-01,1.01,SSc
21q22.3,21,"43,855,067",rs1893592,C,UBASH3A,0.271,0.281,1.87E-01,1.05,SSc
22q11.1,22,"21,936,152",rs66534072,G,YDJC,0.206,0.190,1.19E-03,1.15,SSc
22q12.2,22,"30,552,511",rs4336042,G,HORMAD2,0.389,0.388,2.87E-01,1.05,SSc
22q12.3,22,"37,587,111",rs229533,C,C1QTNF6,0.436,0.434,9.01E-01,1.00,SSc
1p36.32,1,"2,534,978",rs6664969,A,MMEL1,0.330,0.341,5.41E-02,0.95,T1D
1p36.13,1,"17,655,407",rs1748041,C,PADI4,0.298,0.291,1.34E-01,1.04,T1D
1p31.3,1,"61,791,863",rs6691768,G,NFIA,0.375,0.373,6.22E-01,1.01,T1D
1p13.2,1,"114,377,568",rs2476601,A,PTPN22,0.176,0.096,1.10E-91,2.00,T1D
1p13.2,1,"114,388,804",rs1217403,C,PTPN22,0.231,0.257,3.93E-08,0.86,T1D
1q24.3,1,"172,674,776",rs10912267,A,FASLG,0.168,0.185,1.09E-04,0.89,T1D
1q31.2,1,"192,541,472",rs1359062,C,RGS1,0.168,0.180,1.99E-03,0.91,T1D
1q32.1,1,"200,875,242",rs12132349,A,C1orf106,0.283,0.293,5.43E-02,0.95,T1D
1q32.1,1,"206,943,968",rs3024493,A,IL10,0.136,0.161,5.07E-10,0.82,T1D
2p16.1,2,"61,204,917",rs4560096,G,PUS10,0.388,0.375,5.07E-02,1.05,T1D
2q11.2,2,"100,764,004",rs13415465,G,AFF3,0.336,0.361,9.53E-06,0.90,T1D
2q12.1,2,"103,093,243",rs10469840,T,IL18R1,0.225,0.220,1.43E-01,1.04,T1D
2q24.2,2,"163,124,637",rs35667974,C,IFIH1,0.012,0.022,1.42E-11,0.53,T1D
2q24.2,2,"163,224,521",rs984971,G,IFIH1,0.320,0.360,3.47E-14,0.83,T1D
2q31.3,2,"182,057,640",rs12619531,G,ITGA4,0.411,0.420,9.69E-02,0.96,T1D
2q32.3,2,"191,538,562",rs10931468,A,NAB1,0.126,0.124,3.42E-01,1.03,T1D
2q32.3,2,"191,902,184",rs6749371,T,STAT4,0.066,0.073,4.34E-03,0.88,T1D
2q32.3,2,"191,964,633",rs7574865,T,STAT4,0.237,0.221,1.24E-03,1.09,T1D
2q33.2,2,"204,612,058",rs7426056,A,CD28,0.245,0.227,4.57E-04,1.10,T1D
2q33.2,2,"204,738,919",rs3087243,A,CTLA4,0.407,0.452,2.05E-16,0.83,T1D
3p21.31,3,"46,250,374",rs41432345,C,CCR2,0.078,0.073,1.13E-01,1.07,T1D
3p14.3,3,"58,183,636",rs35677470,A,DNASE1L3,0.086,0.084,5.03E-01,1.03,T1D
3q13.33,3,"119,118,796",rs11712165,G,ARHGAP31,0.405,0.396,5.04E-02,1.05,T1D
3q25.33,3,"159,623,559",rs1353248,T,IL12A,0.292,0.292,9.62E-01,1.00,T1D
3q25.33,3,"159,647,674",rs17753641,G,IL12A,0.120,0.118,3.77E-01,1.03,T1D
3q28,3,"188,119,901",rs2030519,G,LPP,0.482,0.482,8.70E-01,1.00,T1D
4p15.2,4,"26,088,128",rs16878091,A,RBPJ,0.324,0.301,1.03E-05,1.11,T1D
4q27,4,"123,266,521",rs74643882,T,IL21,0.018,0.017,2.65E-01,1.10,T1D
4q27,4,"123,551,114",rs13132308,G,IL21,0.165,0.175,1.05E-02,0.92,T1D
5q11.2,5,"55,440,730",rs71624119,A,ANKRD55,0.225,0.246,5.60E-05,0.90,T1D
5q33.1,5,"150,438,988",rs1422673,T,TNIP1,0.180,0.182,3.79E-01,0.97,T1D
6q15,6,"90,976,768",rs72928038,A,BACH2,0.206,0.177,1.25E-11,1.22,T1D
6q22.32,6,"126,674,354",rs2045258,G,CENPW,0.482,0.449,2.42E-09,1.15,T1D
6q22.33,6,"128,291,199",rs3190930,T,THEMIS,0.254,0.242,9.88E-03,1.07,T1D
6q23.3,6,"138,003,822",rs11757201,C,TNFAIP3,0.237,0.218,2.09E-04,1.11,T1D
6q23.3,6,"138,243,739",rs58721818,T,TNFAIP3,0.030,0.033,1.45E-01,0.91,T1D
6q25.3,6,"159,470,417",rs212407,G,TAGAP,0.352,0.374,1.16E-04,0.91,T1D
7p14.1,7,"37,382,465",rs60600003,G,ELMO1,0.106,0.098,2.70E-02,1.09,T1D
7p12.1,7,"51,015,193",rs7780389,T,COBL,0.034,0.048,5.88E-09,0.71,T1D
7q32.1,7,"128,572,766",rs4731532,A,IRF5,0.494,0.489,4.04E-01,1.02,T1D
8p23.1,8,"11,359,112",rs2736346,A,BLK,0.242,0.243,8.52E-01,1.00,T1D
9p13.3,9,"34,710,260",rs2812378,G,CCL21,0.339,0.340,8.52E-01,1.00,T1D
10p15.1,10,"6,101,713",rs3118470,C,IL2RA,0.357,0.320,1.34E-10,1.18,T1D
10p15.1,10,"6,116,254",rs72776098,A,IL2RA,0.016,0.025,5.60E-09,0.61,T1D
10p15.1,10,"6,390,450",rs947474,G,PRKCQ,0.174,0.188,1.19E-03,0.91,T1D
10p14,10,"8,102,272",rs3802604,G,GATA3,0.372,0.350,5.09E-05,1.10,T1D
10q22.3,10,"81,045,280",rs1250568,C,ZMIZ1,0.454,0.437,2.73E-03,1.07,T1D
10q23.31,10,"90,035,654",rs12416116,A,RNLS,0.253,0.288,6.72E-12,0.84,T1D
11p15.5,11,"2,163,110",rs4244808,G,INS,0.521,0.460,3.60E-27,1.28,T1D
11p15.5,11,"2,214,388",rs7937915,G,INS,0.183,0.274,4.10E-79,0.59,T1D
11q23.1,11,"111,196,858",rs7104791,T,POU2AF1,0.217,0.209,1.19E-01,1.04,T1D
11q23.3,11,"118,726,843",rs10892299,T,DDX6,0.201,0.192,2.40E-02,1.07,T1D
11q24.3,11,"128,391,937",rs61907765,T,ETS1,0.213,0.209,4.27E-01,1.02,T1D
12q13.2,12,"56,470,625",rs11171739,C,IKZF4,0.479,0.430,1.19E-18,1.23,T1D
12q24.12,12,"111,884,608",rs3184504,C,SH2B3,0.444,0.514,1.23E-31,0.76,T1D
15q14,15,"38,828,140",rs8043085,T,RASGRP1 ,0.251,0.233,3.09E-04,1.10,T1D
15q25.1,15,"79,234,957",rs34593439,A,CTSH,0.083,0.106,1.11E-11,0.77,T1D
16p13.13,16,"11,200,798",rs741172,T,CLEC16A,0.276,0.318,2.40E-16,0.82,T1D
16p11.2,16,"28,505,660",rs151234,C,IL27,0.154,0.129,1.01E-10,1.23,T1D
16q23.1,16,"75,247,391",rs7202844,G,CTRB1,0.119,0.087,1.65E-20,1.41,T1D
17q12,17,"38,033,277",rs1054609,C,ORMDL3,0.503,0.480,3.63E-05,1.10,T1D
18p11.21,18,"12,777,573",rs2542148,C,PTPN2,0.202,0.166,3.34E-16,1.27,T1D
19p13.2,19,"10,427,721",rs74956615,A,TYK2,0.041,0.057,5.30E-10,0.72,T1D
19p13.11,19,"18,190,344",rs8109496,G,IL12RB1,0.215,0.212,3.43E-01,1.03,T1D
21q22.3,21,"43,825,722",rs9981624,C,UBASH3A,0.372,0.334,1.76E-12,1.18,T1D
21q22.3,21,"43,855,067",rs1893592,C,UBASH3A,0.273,0.304,2.27E-09,0.86,T1D
22q11.1,22,"21,936,152",rs66534072,G,YDJC,0.197,0.186,2.57E-02,1.07,T1D
22q12.2,22,"30,552,511",rs4336042,G,HORMAD2,0.425,0.389,1.56E-11,1.17,T1D
22q12.3,22,"37,587,111",rs229533,C,C1QTNF6,0.466,0.433,7.31E-09,1.14,T1D
